Dataset,Model,Variant,Label Fraction (%),n,mean,std,median,min,max,collapsed,collapse_rate,bimodal
ISIC2018,BT-UNet,aug025,5,5,0.5914522171020508,0.02345650235199437,0.5911732316017151,0.5630571842193604,0.6272152662277222,0,0.0,False
ISIC2018,BT-UNet,aug100,5,5,0.645857834815979,0.14699516950226732,0.554105818271637,0.5214199423789978,0.8087404370307922,0,0.0,False
ISIC2018,BT-UNet,base,1,5,0.5511434316635132,0.02165757964546768,0.5390065908432007,0.5349715948104858,0.5840829610824585,0,0.0,False
ISIC2018,BT-UNet,base,5,5,0.5689516067504883,0.047411842604008346,0.5574183464050293,0.5294941067695618,0.6511543989181519,0,0.0,False
ISIC2018,BT-UNet,base,10,5,0.7494518280029296,0.12709796175168434,0.7949851751327515,0.5238645672798157,0.8230531811714172,0,0.0,False
ISIC2018,BT-UNet,base,20,5,0.8303642868995667,0.0040681537371143345,0.8308842182159424,0.8248786330223083,0.8354600667953491,0,0.0,False
ISIC2018,BT-UNet,base,50,5,0.847833514213562,0.005920047488911567,0.8476561903953552,0.8415344953536987,0.8555325865745544,0,0.0,False
ISIC2018,BT-UNet,bs32,5,5,0.6236246347427368,0.11584616651775465,0.5666623711585999,0.5206977725028992,0.8062125444412231,0,0.0,False
ISIC2018,BT-UNet,bs64,5,5,0.6661668419837952,0.1260584281506439,0.5847121477127075,0.5618029236793518,0.8065382242202759,0,0.0,False
ISIC2018,BT-UNet,cropflip,5,5,0.5780209183692933,0.019174040316953203,0.5866180062294006,0.5464348793029785,0.5943371653556824,0,0.0,False
ISIC2018,BT-UNet,e0,5,5,0.02209828020131676,0.04908238345409304,0.0001120641973102,0.0001120641973102,0.1098994463682174,5,1.0,False
ISIC2018,BT-UNet,e200,5,5,0.6075931787490845,0.017134781025332727,0.6109998226165771,0.5873591303825378,0.6249812841415405,0,0.0,False
ISIC2018,BT-UNet,e25,5,5,0.5537349700927734,0.019455676828873492,0.5524374842643738,0.5252379179000854,0.5726416707038879,0,0.0,False
ISIC2018,BT-UNet,e50,5,5,0.5452619194984436,0.009350028723838366,0.5459840297698975,0.53098464012146,0.5542313456535339,0,0.0,False
ISIC2018,BT-UNet,frozen,1,5,0.5700935542583465,0.051443323972825306,0.588952898979187,0.4822787344455719,0.6094938516616821,0,0.0,False
ISIC2018,BT-UNet,frozen,5,5,0.5674421548843384,0.024704577366527355,0.562961995601654,0.5440611839294434,0.5995412468910217,0,0.0,False
ISIC2018,BT-UNet,frozen,10,5,0.6649263143539429,0.06953518034703152,0.6271876096725464,0.5981948375701904,0.7427599430084229,0,0.0,False
ISIC2018,BT-UNet,lambda0001,5,5,0.5815944194793701,0.04039934428155504,0.6053891181945801,0.5325137376785278,0.6194366216659546,0,0.0,False
ISIC2018,BT-UNet,lambda002,5,5,0.5593999028205872,0.027996667533505014,0.5536651611328125,0.5309555530548096,0.6054650545120239,0,0.0,False
ISIC2018,BT-UNet,lossbce,5,5,0.6108657360076905,0.010838583653874632,0.6054818630218506,0.600281298160553,0.6231665015220642,0,0.0,False
ISIC2018,BT-UNet,lossdice,5,5,0.605992603302002,0.029433197578222922,0.6176899671554565,0.557121217250824,0.6312046647071838,0,0.0,False
ISIC2018,BT-UNet,proj2048,5,5,0.5504231095314026,0.12014174884324627,0.5298095941543579,0.4294460415840149,0.7472331523895264,0,0.0,False
ISIC2018,BT-UNet,proj256,5,5,0.5886440396308898,0.015515484125184914,0.590304970741272,0.5641477704048157,0.6072661876678467,0,0.0,False
ISIC2018,BT-UNet,proj512,5,5,0.5842388868331909,0.04105144543871139,0.5827894806861877,0.5453595519065857,0.6437893509864807,0,0.0,False
ISIC2018,BT-UNet,sslbudget20,20,5,0.8311790227890015,0.0060390713364915916,0.834220826625824,0.821878969669342,0.8365529179573059,0,0.0,False
ISIC2018,BT-UNet,sslbudget5,5,5,0.00011206419731019999,1.5152185993940876e-20,0.0001120641973102,0.0001120641973102,0.0001120641973102,5,1.0,False
ISIC2018,Baseline,base,1,5,0.3220338408747921,0.2983323211235869,0.4510755836963653,0.0001120641973102,0.5827707052230835,2,0.4,True
ISIC2018,Baseline,base,5,5,0.23355649248,0.2927241112205868,0.062652834,0.0001120642,0.5765288,3,0.6,True
ISIC2018,Baseline,base,10,5,0.801795912,0.0076760342628026165,0.79855806,0.7945389,0.8136492,0,0.0,False
ISIC2018,Baseline,base,20,5,0.835149648,0.003778212410422434,0.83532476,0.82931095,0.83911276,0,0.0,False
ISIC2018,Baseline,base,50,5,0.8495929520000001,0.003948091231186249,0.8508305,0.84343016,0.8528237,0,0.0,False
ISIC2018,Baseline,lossbce,5,5,0.08668978835921728,0.1671483380959399,0.000318589474773,0.0001120641973102,0.383242130279541,4,0.8,False
ISIC2018,Baseline,lossdice,5,5,0.21579076201014685,0.2015922223840138,0.2075291574001312,0.0001120641973102,0.51646888256073,2,0.4,True
ISIC2018,SimSiam,aug025,5,5,0.652071225643158,0.08050767683279744,0.6179044842720032,0.6074627637863159,0.7955726385116577,0,0.0,False
ISIC2018,SimSiam,aug100,5,5,0.6630318999290467,0.11624367091338224,0.6037715673446655,0.5560593605041504,0.8073375821113586,0,0.0,False
ISIC2018,SimSiam,base,1,5,0.5303582966327667,0.05439621408767569,0.5161850452423096,0.4598462283611297,0.6027737259864807,0,0.0,False
ISIC2018,SimSiam,base,5,5,0.6310889482498169,0.1001023367320966,0.5953750610351562,0.5469202399253845,0.804386556148529,0,0.0,False
ISIC2018,SimSiam,base,10,5,0.7327260971069336,0.12308879030428849,0.8083348274230957,0.5950128436088562,0.8312694430351257,0,0.0,False
ISIC2018,SimSiam,base,20,5,0.8402344703674316,0.003555743002480192,0.8414045572280884,0.8352803587913513,0.8435103297233582,0,0.0,False
ISIC2018,SimSiam,base,50,5,0.8524402260780335,0.004265498805553003,0.8507272601127625,0.8473817110061646,0.8574095964431763,0,0.0,False
ISIC2018,SimSiam,bs32,5,5,0.6223213911056519,0.09544137831713805,0.5776407718658447,0.5633275508880615,0.7908377051353455,0,0.0,False
ISIC2018,SimSiam,bs64,5,5,0.6054895281791687,0.037582540194373015,0.5913923978805542,0.5823597311973572,0.6716403365135193,0,0.0,False
ISIC2018,SimSiam,cropflip,5,5,0.6145368456840515,0.07452544874974074,0.5877726674079895,0.573651134967804,0.7472896575927734,0,0.0,False
ISIC2018,SimSiam,e0,5,5,0.3559994027018547,0.24077594293686563,0.4140327274799347,0.0878856927156448,0.5816766023635864,1,0.2,True
ISIC2018,SimSiam,e200,5,5,0.6105106592178344,0.0932907513958394,0.5960971713066101,0.5407313108444214,0.7683249711990356,0,0.0,False
ISIC2018,SimSiam,e25,5,5,0.6224336266517639,0.10677146399169565,0.5864264369010925,0.5429848432540894,0.8097215890884399,0,0.0,False
ISIC2018,SimSiam,e50,5,5,0.629086685180664,0.08973133062073031,0.6007146239280701,0.5653160810470581,0.7873845100402832,0,0.0,False
ISIC2018,SimSiam,frozen,1,5,0.5620113849639893,0.013949759899872322,0.5623061060905457,0.5392686724662781,0.5750375986099243,0,0.0,False
ISIC2018,SimSiam,frozen,5,5,0.5893665432929993,0.016507326197353317,0.5945989489555359,0.5717995762825012,0.6053340435028076,0,0.0,False
ISIC2018,SimSiam,frozen,10,5,0.6437421798706054,0.07165684872446233,0.5998178124427795,0.5830296277999878,0.7301369309425354,0,0.0,False
ISIC2018,SimSiam,nostopgrad,5,5,0.6257294416427612,0.09461194229647363,0.5964796543121338,0.5594824552536011,0.7915958166122437,0,0.0,False
ISIC2018,SimSiam,pred128,5,5,0.5672389388084411,0.024226110528327426,0.5768803358078003,0.5243935585021973,0.5825619101524353,0,0.0,False
ISIC2018,SimSiam,pred32,5,5,0.5832562327384949,0.02233114689796754,0.5862603783607483,0.5579444766044617,0.6161898374557495,0,0.0,False
ISIC2018,SimSiam,proj2048,5,5,0.64344801902771,0.09157799796507232,0.5944405198097229,0.5918933153152466,0.8042833209037781,0,0.0,False
ISIC2018,SimSiam,proj256,5,5,0.5922822713851928,0.03389258538755027,0.5778078436851501,0.571168839931488,0.6524954438209534,0,0.0,False
ISIC2018,SimSiam,proj512,5,5,0.6378654718399048,0.09931347672033271,0.6079984903335571,0.5677487850189209,0.8111955523490906,0,0.0,False
ISIC2018,SimSiam,sslbudget20,20,5,0.8333992719650268,0.006793667343336275,0.8346830606460571,0.8232729434967041,0.8407237529754639,0,0.0,False
ISIC2018,SimSiam,sslbudget5,5,5,0.6233624815940857,0.08853105383312666,0.5962406396865845,0.5477361679077148,0.7759186029434204,0,0.0,False
KDSB,BT-UNet,aug025,5,5,0.5215623021125794,0.05319087812662144,0.5252285599708557,0.4706842303276062,0.6044536232948303,0,0.0,False
KDSB,BT-UNet,aug100,5,5,0.5986722826957702,0.02539740285782854,0.5909633040428162,0.5749912261962891,0.6262859106063843,0,0.0,False
KDSB,BT-UNet,base,1,5,0.5126806139945984,0.040015223140797244,0.5192780494689941,0.4533564448356628,0.5601168870925903,0,0.0,False
KDSB,BT-UNet,base,5,5,0.5336760342121124,0.08058557820485608,0.5323232412338257,0.4301787316799164,0.6551334261894226,0,0.0,False
KDSB,BT-UNet,base,10,5,0.5613223910331726,0.05372631259635687,0.5625706315040588,0.4861176609992981,0.6291684508323669,0,0.0,False
KDSB,BT-UNet,base,20,5,0.5823902606964111,0.04783258422735427,0.5941751003265381,0.5107093453407288,0.6355111002922058,0,0.0,False
KDSB,BT-UNet,base,50,5,0.7362051129341125,0.15035583851247145,0.831824779510498,0.5553646087646484,0.8570514917373657,0,0.0,False
KDSB,BT-UNet,bs32,5,5,0.5705000638961792,0.03597133153893073,0.5752978920936584,0.5191298723220825,0.6099833846092224,0,0.0,False
KDSB,BT-UNet,bs64,5,5,0.6064355850219727,0.09330218239967959,0.5998343229293823,0.4821594953536987,0.6985678672790527,0,0.0,False
KDSB,BT-UNet,cropflip,5,5,0.5146121561527253,0.11415393458026434,0.548278272151947,0.3601287603378296,0.6620590090751648,0,0.0,False
KDSB,BT-UNet,e0,5,5,0.482865509390831,0.22613916514006221,0.5400334000587463,0.2062788754701614,0.7290713787078857,0,0.0,False
KDSB,BT-UNet,e200,5,5,0.5316142201423645,0.042584903404193256,0.5496098399162292,0.4639374613761902,0.5691841244697571,0,0.0,False
KDSB,BT-UNet,e25,5,5,0.503430700302124,0.018010970045298412,0.4964582324028015,0.4900100231170654,0.5346021056175232,0,0.0,False
KDSB,BT-UNet,e50,5,5,0.48308796286582945,0.0318213529892361,0.4890526533126831,0.4420439898967743,0.5242283344268799,0,0.0,False
KDSB,BT-UNet,frozen,1,5,0.5281063973903656,0.029861905919959714,0.5279700756072998,0.4821586310863495,0.5589897036552429,0,0.0,False
KDSB,BT-UNet,frozen,5,5,0.5873845338821411,0.052224059485528815,0.5947383046150208,0.5214998126029968,0.6444076895713806,0,0.0,False
KDSB,BT-UNet,frozen,10,5,0.5877766489982605,0.035146271840101335,0.5928893685340881,0.5282366871833801,0.619562029838562,0,0.0,False
KDSB,BT-UNet,lambda0001,5,5,0.4845181882381439,0.09840053126771685,0.5153722167015076,0.3223156034946441,0.5595479011535645,0,0.0,False
KDSB,BT-UNet,lambda002,5,5,0.5601749181747436,0.017703194743881934,0.5555580258369446,0.5370783805847168,0.5786951184272766,0,0.0,False
KDSB,BT-UNet,lossbce,5,5,0.5583867073059082,0.045809634099965586,0.5627787113189697,0.4920417070388794,0.616905152797699,0,0.0,False
KDSB,BT-UNet,lossdice,5,5,0.5796325325965881,0.037483053510555434,0.5661735534667969,0.5552058219909668,0.6461554169654846,0,0.0,False
KDSB,BT-UNet,proj2048,5,5,0.5585688054561615,0.0461061415956721,0.5715166330337524,0.4793001115322113,0.599956214427948,0,0.0,False
KDSB,BT-UNet,proj256,5,5,0.5844642877578735,0.03858225351974223,0.5967323184013367,0.5206259489059448,0.6224533915519714,0,0.0,False
KDSB,BT-UNet,proj512,5,5,0.5976028084754944,0.02882996338654991,0.601900577545166,0.5550398826599121,0.6347798109054565,0,0.0,False
KDSB,BT-UNet,smoke,1,5,0.32358985841274257,0.08177183226719248,0.357855349779129,0.2087577432394027,0.3997823894023895,0,0.0,False
KDSB,BT-UNet,sslbudget20,20,5,0.5332743227481842,0.04776927303610211,0.553216278553009,0.4801340103149414,0.5757966041564941,0,0.0,False
KDSB,BT-UNet,sslbudget5,5,5,0.0003699925437103,0.0,0.0003699925437103,0.0003699925437103,0.0003699925437103,5,1.0,False
KDSB,Baseline,base,1,5,0.26274350152234544,0.17863719002492182,0.2935866713523865,0.000369989167666,0.4908555150032043,1,0.2,False
KDSB,Baseline,base,5,5,0.3570626094937325,0.29491738650189353,0.3010787665843963,0.0459872856736183,0.7665696740150452,1,0.2,True
KDSB,Baseline,base,10,5,0.3206973910331726,0.17516557885310602,0.3797909915447235,0.0317057073116302,0.4845259487628937,1,0.2,False
KDSB,Baseline,base,20,5,0.6767658919095993,0.2859308941156354,0.7948901057243347,0.1659442633390426,0.8221790790557861,0,0.0,False
KDSB,Baseline,base,50,5,0.8855799820000001,0.010441557866962194,0.8886199,0.86732316,0.8938777,0,0.0,False
KDSB,Baseline,lossbce,5,5,0.3459522157907486,0.18153168612572074,0.290816068649292,0.1289410442113876,0.6215841770172119,0,0.0,False
KDSB,Baseline,lossdice,5,5,0.5411825358867646,0.16427878648000974,0.5383197069168091,0.3371009826660156,0.756693959236145,0,0.0,False
KDSB,SimSiam,aug025,5,5,0.6174571871757507,0.027267667465935997,0.6175562143325806,0.5901426672935486,0.6536134481430054,0,0.0,False
KDSB,SimSiam,aug100,5,5,0.6060598850250244,0.03786946918750127,0.6180499792098999,0.5561918020248413,0.6477590799331665,0,0.0,False
KDSB,SimSiam,base,1,5,0.50946304500103,0.1992629333643894,0.5874871611595154,0.1607243865728378,0.6367089152336121,0,0.0,False
KDSB,SimSiam,base,5,5,0.5648676037788392,0.06480637918541703,0.5712447166442871,0.4727978110313415,0.642447829246521,0,0.0,False
KDSB,SimSiam,base,10,5,0.4556943714618683,0.08657992617700735,0.4868327677249908,0.3063963949680328,0.5165814161300659,0,0.0,False
KDSB,SimSiam,base,20,5,0.49161988496780396,0.04282469538666709,0.5185859203338623,0.4360652565956116,0.5261936783790588,0,0.0,False
KDSB,SimSiam,base,50,5,0.715759015083313,0.17480511297835155,0.8321178555488586,0.5061585903167725,0.8618675470352173,0,0.0,False
KDSB,SimSiam,bs32,5,5,0.6092008829116822,0.0777006568001981,0.6377599835395813,0.497274100780487,0.6971873641014099,0,0.0,False
KDSB,SimSiam,bs64,5,5,0.6179663300514221,0.051241817790094124,0.6256808042526245,0.5546634793281555,0.6767278909683228,0,0.0,False
KDSB,SimSiam,cropflip,5,5,0.6377715468406677,0.05167419505930416,0.6634098887443542,0.558478057384491,0.6832349896430969,0,0.0,False
KDSB,SimSiam,e0,5,5,0.28730679005384446,0.18542518814063225,0.2908269166946411,0.0458302423357963,0.5234084725379944,1,0.2,True
KDSB,SimSiam,e200,5,5,0.6633304715156555,0.02278087901726201,0.6600813269615173,0.6372125148773193,0.6882258057594299,0,0.0,False
KDSB,SimSiam,e25,5,5,0.6607921957969666,0.04390372171503439,0.6432186961174011,0.6099655032157898,0.7173139452934265,0,0.0,False
KDSB,SimSiam,e50,5,5,0.5977056384086609,0.04368181129330372,0.5925876498222351,0.5502414703369141,0.6440503001213074,0,0.0,False
KDSB,SimSiam,frozen,1,5,0.5638464689254761,0.04651100427537601,0.5611001253128052,0.5026923418045044,0.6224492788314819,0,0.0,False
KDSB,SimSiam,frozen,5,5,0.634951376914978,0.028805758732556166,0.653123676776886,0.5967978239059448,0.6591979265213013,0,0.0,False
KDSB,SimSiam,frozen,10,5,0.622507107257843,0.011510902543496357,0.620180606842041,0.610893189907074,0.639106035232544,0,0.0,False
KDSB,SimSiam,nostopgrad,5,5,0.5348438024520874,0.12083207199360035,0.5840893387794495,0.3358335494995117,0.6244834065437317,0,0.0,False
KDSB,SimSiam,pred128,5,5,0.6443910837173462,0.02235588191252134,0.6534604430198669,0.6139140129089355,0.6683821678161621,0,0.0,False
KDSB,SimSiam,pred32,5,5,0.6207168221473693,0.034110170467086205,0.6295382380485535,0.5699623227119446,0.65455162525177,0,0.0,False
KDSB,SimSiam,proj2048,5,5,0.6610777616500855,0.02435044156384281,0.6735742688179016,0.6229238510131836,0.6826858520507812,0,0.0,False
KDSB,SimSiam,proj256,5,5,0.6371978640556335,0.02106802661831461,0.6252977252006531,0.6167705059051514,0.6628080010414124,0,0.0,False
KDSB,SimSiam,proj512,5,5,0.6089229702949523,0.11906105075251162,0.6384223699569702,0.4060124158859253,0.7101171016693115,0,0.0,False
KDSB,SimSiam,sslbudget20,20,5,0.6188534617424011,0.06665884102896075,0.6376162171363831,0.5416024923324585,0.6884998679161072,0,0.0,False
KDSB,SimSiam,sslbudget5,5,5,0.524621969461441,0.04606721412477586,0.517153799533844,0.4736426472663879,0.5946583151817322,0,0.0,False
