Dataset,Model,Variant,Label Fraction (%),Folds run,Fold mean Test Dice,Fold std Test Dice,Fold median Test Dice,Collapsed folds,bimodal,Ensemble Test Dice (filtered),Folds combined (filtered),Ensemble Test Dice (unfiltered),Folds combined (unfiltered)
ISIC2018,BT-UNet,aug025,5,5,0.5914522171020508,0.02345650235199437,0.5911732316017151,0,False,0.6090039014816284,5.0,0.6090039014816284,5
ISIC2018,BT-UNet,aug100,5,5,0.645857834815979,0.14699516950226732,0.554105818271637,0,False,0.6962324380874634,5.0,0.6962324380874634,5
ISIC2018,BT-UNet,base,1,5,0.5511434316635132,0.02165757964546768,0.5390065908432007,0,False,0.5657573938369751,5.0,0.5657573938369751,5
ISIC2018,BT-UNet,base,5,5,0.5689516067504883,0.047411842604008346,0.5574183464050293,0,False,0.5657050013542175,5.0,0.5657050013542175,5
ISIC2018,BT-UNet,base,10,5,0.7494518280029296,0.12709796175168434,0.7949851751327515,0,False,0.8116726279258728,5.0,0.8116726279258728,5
ISIC2018,BT-UNet,base,20,5,0.8303642868995667,0.0040681537371143345,0.8308842182159424,0,False,0.8434730768203735,5.0,0.8434730768203735,5
ISIC2018,BT-UNet,base,50,5,0.847833514213562,0.005920047488911567,0.8476561903953552,0,False,0.8605533838272095,5.0,0.8605533838272095,5
ISIC2018,BT-UNet,bs32,5,5,0.6236246347427368,0.11584616651775465,0.5666623711585999,0,False,0.6025696992874146,5.0,0.6025696992874146,5
ISIC2018,BT-UNet,bs64,5,5,0.6661668419837952,0.1260584281506439,0.5847121477127075,0,False,0.6518914699554443,5.0,0.6518914699554443,5
ISIC2018,BT-UNet,cropflip,5,5,0.5780209183692933,0.019174040316953203,0.5866180062294006,0,False,0.5899710059165955,5.0,0.5899710059165955,5
ISIC2018,BT-UNet,e0,5,5,0.02209828020131676,0.04908238345409304,0.0001120641973102,5,False,,,0.0001120641973102,5
ISIC2018,BT-UNet,e200,5,5,0.6075931787490845,0.017134781025332727,0.6109998226165771,0,False,0.6157212257385254,5.0,0.6157212257385254,5
ISIC2018,BT-UNet,e25,5,5,0.5537349700927734,0.019455676828873492,0.5524374842643738,0,False,0.5750166177749634,5.0,0.5750166177749634,5
ISIC2018,BT-UNet,e50,5,5,0.5452619194984436,0.009350028723838366,0.5459840297698975,0,False,0.5748516917228699,5.0,0.5748516917228699,5
ISIC2018,BT-UNet,frozen,1,5,0.5700935542583465,0.051443323972825306,0.588952898979187,0,False,0.5892903804779053,5.0,0.5892903804779053,5
ISIC2018,BT-UNet,frozen,5,5,0.5674421548843384,0.024704577366527355,0.562961995601654,0,False,0.5896913409233093,5.0,0.5896913409233093,5
ISIC2018,BT-UNet,frozen,10,5,0.6649263143539429,0.06953518034703152,0.6271876096725464,0,False,0.6977708339691162,5.0,0.6977708339691162,5
ISIC2018,BT-UNet,lambda0001,5,5,0.5815944194793701,0.04039934428155504,0.6053891181945801,0,False,0.5950273275375366,5.0,0.5950273275375366,5
ISIC2018,BT-UNet,lambda002,5,5,0.5593999028205872,0.027996667533505014,0.5536651611328125,0,False,0.56092369556427,5.0,0.56092369556427,5
ISIC2018,BT-UNet,lossbce,5,5,0.6108657360076905,0.010838583653874632,0.6054818630218506,0,False,0.6276087164878845,5.0,0.6276087164878845,5
ISIC2018,BT-UNet,lossdice,5,5,0.605992603302002,0.029433197578222922,0.6176899671554565,0,False,0.6220183968544006,5.0,0.6220183968544006,5
ISIC2018,BT-UNet,proj2048,5,5,0.5504231095314026,0.12014174884324627,0.5298095941543579,0,False,0.5624564290046692,5.0,0.5624564290046692,5
ISIC2018,BT-UNet,proj256,5,5,0.5886440396308898,0.015515484125184914,0.590304970741272,0,False,0.6131093502044678,5.0,0.6131093502044678,5
ISIC2018,BT-UNet,proj512,5,5,0.5842388868331909,0.04105144543871139,0.5827894806861877,0,False,0.5896211266517639,5.0,0.5896211266517639,5
ISIC2018,BT-UNet,sslbudget20,20,5,0.8311790227890015,0.0060390713364915916,0.834220826625824,0,False,0.8436778783798218,5.0,0.8436778783798218,5
ISIC2018,BT-UNet,sslbudget5,5,5,0.00011206419731019999,1.5152185993940876e-20,0.0001120641973102,5,False,,,0.0001120641973102,5
ISIC2018,Baseline,base,1,5,0.3220338408747921,0.2983323211235869,0.4510755836963653,2,True,0.5840202569961548,3.0,0.2321437001228332,5
ISIC2018,Baseline,base,5,5,0.23355649248,0.2927241112205868,0.062652834,3,True,0.6115514,2.0,0.0193179138004779,5
ISIC2018,Baseline,base,10,5,0.801795912,0.0076760342628026165,0.79855806,0,False,0.8128191,5.0,0.8128191232681274,5
ISIC2018,Baseline,base,20,5,0.835149648,0.003778212410422434,0.83532476,0,False,0.8475615,5.0,0.8475614786148071,5
ISIC2018,Baseline,base,50,5,0.8495929520000001,0.003948091231186249,0.8508305,0,False,0.8603432,5.0,0.8603432178497314,5
ISIC2018,Baseline,lossbce,5,5,0.08668978835921728,0.1671483380959399,0.000318589474773,4,False,0.383242130279541,1.0,0.0001120641973102,5
ISIC2018,Baseline,lossdice,5,5,0.21579076201014685,0.2015922223840138,0.2075291574001312,2,True,0.3052099645137787,3.0,0.0753678679466247,5
ISIC2018,SimSiam,aug025,5,5,0.652071225643158,0.08050767683279744,0.6179044842720032,0,False,0.6413641571998596,5.0,0.6413641571998596,5
ISIC2018,SimSiam,aug100,5,5,0.6630318999290467,0.11624367091338224,0.6037715673446655,0,False,0.6739153265953064,5.0,0.6739153265953064,5
ISIC2018,SimSiam,base,1,5,0.5303582966327667,0.05439621408767569,0.5161850452423096,0,False,0.5371633172035217,5.0,0.5371633172035217,5
ISIC2018,SimSiam,base,5,5,0.6310889482498169,0.1001023367320966,0.5953750610351562,0,False,0.6232956051826477,5.0,0.6232956051826477,5
ISIC2018,SimSiam,base,10,5,0.7327260971069336,0.12308879030428849,0.8083348274230957,0,False,0.8159894943237305,5.0,0.8159894943237305,5
ISIC2018,SimSiam,base,20,5,0.8402344703674316,0.003555743002480192,0.8414045572280884,0,False,0.8497920036315918,5.0,0.8497920036315918,5
ISIC2018,SimSiam,base,50,5,0.8524402260780335,0.004265498805553003,0.8507272601127625,0,False,0.8630213737487793,5.0,0.8630213737487793,5
ISIC2018,SimSiam,bs32,5,5,0.6223213911056519,0.09544137831713805,0.5776407718658447,0,False,0.6200729012489319,5.0,0.6200729012489319,5
ISIC2018,SimSiam,bs64,5,5,0.6054895281791687,0.037582540194373015,0.5913923978805542,0,False,0.6049845218658447,5.0,0.6049845218658447,5
ISIC2018,SimSiam,cropflip,5,5,0.6145368456840515,0.07452544874974074,0.5877726674079895,0,False,0.600009560585022,5.0,0.600009560585022,5
ISIC2018,SimSiam,e0,5,5,0.3559994027018547,0.24077594293686563,0.4140327274799347,1,True,0.390470415353775,4.0,0.2950219213962555,5
ISIC2018,SimSiam,e200,5,5,0.6105106592178344,0.0932907513958394,0.5960971713066101,0,False,0.625116765499115,5.0,0.625116765499115,5
ISIC2018,SimSiam,e25,5,5,0.6224336266517639,0.10677146399169565,0.5864264369010925,0,False,0.618679940700531,5.0,0.618679940700531,5
ISIC2018,SimSiam,e50,5,5,0.629086685180664,0.08973133062073031,0.6007146239280701,0,False,0.6295338273048401,5.0,0.6295338273048401,5
ISIC2018,SimSiam,frozen,1,5,0.5620113849639893,0.013949759899872322,0.5623061060905457,0,False,0.5764694213867188,5.0,0.5764694213867188,5
ISIC2018,SimSiam,frozen,5,5,0.5893665432929993,0.016507326197353317,0.5945989489555359,0,False,0.6141772866249084,5.0,0.6141772866249084,5
ISIC2018,SimSiam,frozen,10,5,0.6437421798706054,0.07165684872446233,0.5998178124427795,0,False,0.6585289835929871,5.0,0.6585289835929871,5
ISIC2018,SimSiam,nostopgrad,5,5,0.6257294416427612,0.09461194229647363,0.5964796543121338,0,False,0.628404438495636,5.0,0.628404438495636,5
ISIC2018,SimSiam,pred128,5,5,0.5672389388084411,0.024226110528327426,0.5768803358078003,0,False,0.5883297920227051,5.0,0.5883297920227051,5
ISIC2018,SimSiam,pred32,5,5,0.5832562327384949,0.02233114689796754,0.5862603783607483,0,False,0.6003682017326355,5.0,0.6003682017326355,5
ISIC2018,SimSiam,proj2048,5,5,0.64344801902771,0.09157799796507232,0.5944405198097229,0,False,0.6399121880531311,5.0,0.6399121880531311,5
ISIC2018,SimSiam,proj256,5,5,0.5922822713851928,0.03389258538755027,0.5778078436851501,0,False,0.5937962532043457,5.0,0.5937962532043457,5
ISIC2018,SimSiam,proj512,5,5,0.6378654718399048,0.09931347672033271,0.6079984903335571,0,False,0.6361345052719116,5.0,0.6361345052719116,5
ISIC2018,SimSiam,sslbudget20,20,5,0.8333992719650268,0.006793667343336275,0.8346830606460571,0,False,0.8450464606285095,5.0,0.8450464606285095,5
ISIC2018,SimSiam,sslbudget5,5,5,0.6233624815940857,0.08853105383312666,0.5962406396865845,0,False,0.6102268695831299,5.0,0.6102268695831299,5
KDSB,BT-UNet,aug025,5,5,0.5215623021125794,0.05319087812662144,0.5252285599708557,0,False,0.5136061310768127,5.0,0.5136061310768127,5
KDSB,BT-UNet,aug100,5,5,0.5986722826957702,0.02539740285782854,0.5909633040428162,0,False,0.6030198931694031,5.0,0.6030198931694031,5
KDSB,BT-UNet,base,1,5,0.5126806139945984,0.040015223140797244,0.5192780494689941,0,False,0.5259867310523987,5.0,0.5259867310523987,5
KDSB,BT-UNet,base,5,5,0.5336760342121124,0.08058557820485608,0.5323232412338257,0,False,0.5428548455238342,5.0,0.5428548455238342,5
KDSB,BT-UNet,base,10,5,0.5613223910331726,0.05372631259635687,0.5625706315040588,0,False,0.5703991055488586,5.0,0.5703991055488586,5
KDSB,BT-UNet,base,20,5,0.5823902606964111,0.04783258422735427,0.5941751003265381,0,False,0.5876474976539612,5.0,0.5876474976539612,5
KDSB,BT-UNet,base,50,5,0.7362051129341125,0.15035583851247145,0.831824779510498,0,False,0.7779876589775085,5.0,0.7779876589775085,5
KDSB,BT-UNet,bs32,5,5,0.5705000638961792,0.03597133153893073,0.5752978920936584,0,False,0.6135765314102173,5.0,0.6135765314102173,5
KDSB,BT-UNet,bs64,5,5,0.6064355850219727,0.09330218239967959,0.5998343229293823,0,False,0.6421015858650208,5.0,0.6421015858650208,5
KDSB,BT-UNet,cropflip,5,5,0.5146121561527253,0.11415393458026434,0.548278272151947,0,False,0.6046954989433289,5.0,0.6046954989433289,5
KDSB,BT-UNet,e0,5,5,0.482865509390831,0.22613916514006221,0.5400334000587463,0,False,0.6470061540603638,5.0,0.6470061540603638,5
KDSB,BT-UNet,e200,5,5,0.5316142201423645,0.042584903404193256,0.5496098399162292,0,False,0.5386989116668701,5.0,0.5386989116668701,5
KDSB,BT-UNet,e25,5,5,0.503430700302124,0.018010970045298412,0.4964582324028015,0,False,0.5054038166999817,5.0,0.5054038166999817,5
KDSB,BT-UNet,e50,5,5,0.48308796286582945,0.0318213529892361,0.4890526533126831,0,False,0.4821672141551971,5.0,0.4821672141551971,5
KDSB,BT-UNet,frozen,1,5,0.5281063973903656,0.029861905919959714,0.5279700756072998,0,False,0.5503643155097961,5.0,0.5503643155097961,5
KDSB,BT-UNet,frozen,5,5,0.5873845338821411,0.052224059485528815,0.5947383046150208,0,False,0.5951226949691772,5.0,0.5951226949691772,5
KDSB,BT-UNet,frozen,10,5,0.5877766489982605,0.035146271840101335,0.5928893685340881,0,False,0.6009190082550049,5.0,0.6009190082550049,5
KDSB,BT-UNet,lambda0001,5,5,0.4845181882381439,0.09840053126771685,0.5153722167015076,0,False,0.5423691272735596,5.0,0.5423691272735596,5
KDSB,BT-UNet,lambda002,5,5,0.5601749181747436,0.017703194743881934,0.5555580258369446,0,False,0.5626012682914734,5.0,0.5626012682914734,5
KDSB,BT-UNet,lossbce,5,5,0.5583867073059082,0.045809634099965586,0.5627787113189697,0,False,0.5645878314971924,5.0,0.5645878314971924,5
KDSB,BT-UNet,lossdice,5,5,0.5796325325965881,0.037483053510555434,0.5661735534667969,0,False,0.5859123468399048,5.0,0.5859123468399048,5
KDSB,BT-UNet,proj2048,5,5,0.5585688054561615,0.0461061415956721,0.5715166330337524,0,False,0.568594217300415,5.0,0.568594217300415,5
KDSB,BT-UNet,proj256,5,5,0.5844642877578735,0.03858225351974223,0.5967323184013367,0,False,0.59719318151474,5.0,0.59719318151474,5
KDSB,BT-UNet,proj512,5,5,0.5976028084754944,0.02882996338654991,0.601900577545166,0,False,0.6189225316047668,5.0,0.6189225316047668,5
KDSB,BT-UNet,smoke,1,5,0.32358985841274257,0.08177183226719248,0.357855349779129,0,False,0.3700554966926574,5.0,0.3700554966926574,5
KDSB,BT-UNet,sslbudget20,20,5,0.5332743227481842,0.04776927303610211,0.553216278553009,0,False,0.5672067403793335,5.0,0.5672067403793335,5
KDSB,BT-UNet,sslbudget5,5,5,0.0003699925437103,0.0,0.0003699925437103,5,False,,,0.0003699925437103,5
KDSB,Baseline,base,1,5,0.26274350152234544,0.17863719002492182,0.2935866713523865,1,False,0.4451822936534881,4.0,0.4307477176189422,5
KDSB,Baseline,base,5,5,0.3570626094937325,0.29491738650189353,0.3010787665843963,1,True,0.7030970454216003,4.0,0.7251054644584656,5
KDSB,Baseline,base,10,5,0.3206973910331726,0.17516557885310602,0.3797909915447235,1,False,0.4061484336853027,4.0,0.3355236649513244,5
KDSB,Baseline,base,20,5,0.6767658919095993,0.2859308941156354,0.7948901057243347,0,False,0.8134371042251587,5.0,0.8134371042251587,5
KDSB,Baseline,base,50,5,0.8855799820000001,0.010441557866962194,0.8886199,0,False,0.8984533,5.0,0.8984532952308655,5
KDSB,Baseline,lossbce,5,5,0.3459522157907486,0.18153168612572074,0.290816068649292,0,False,0.596988320350647,5.0,0.596988320350647,5
KDSB,Baseline,lossdice,5,5,0.5411825358867646,0.16427878648000974,0.5383197069168091,0,False,0.6719727516174316,5.0,0.6719727516174316,5
KDSB,SimSiam,aug025,5,5,0.6174571871757507,0.027267667465935997,0.6175562143325806,0,False,0.6479912996292114,5.0,0.6479912996292114,5
KDSB,SimSiam,aug100,5,5,0.6060598850250244,0.03786946918750127,0.6180499792098999,0,False,0.6437637805938721,5.0,0.6437637805938721,5
KDSB,SimSiam,base,1,5,0.50946304500103,0.1992629333643894,0.5874871611595154,0,False,0.6183640956878662,5.0,0.6183640956878662,5
KDSB,SimSiam,base,5,5,0.5648676037788392,0.06480637918541703,0.5712447166442871,0,False,0.5794004797935486,5.0,0.5794004797935486,5
KDSB,SimSiam,base,10,5,0.4556943714618683,0.08657992617700735,0.4868327677249908,0,False,0.4948823153972626,5.0,0.4948823153972626,5
KDSB,SimSiam,base,20,5,0.49161988496780396,0.04282469538666709,0.5185859203338623,0,False,0.4876516461372375,5.0,0.4876516461372375,5
KDSB,SimSiam,base,50,5,0.715759015083313,0.17480511297835155,0.8321178555488586,0,False,0.8267722129821777,5.0,0.8267722129821777,5
KDSB,SimSiam,bs32,5,5,0.6092008829116822,0.0777006568001981,0.6377599835395813,0,False,0.6392319202423096,5.0,0.6392319202423096,5
KDSB,SimSiam,bs64,5,5,0.6179663300514221,0.051241817790094124,0.6256808042526245,0,False,0.6449941396713257,5.0,0.6449941396713257,5
KDSB,SimSiam,cropflip,5,5,0.6377715468406677,0.05167419505930416,0.6634098887443542,0,False,0.650791347026825,5.0,0.650791347026825,5
KDSB,SimSiam,e0,5,5,0.28730679005384446,0.18542518814063225,0.2908269166946411,1,True,0.4069360196590423,4.0,0.3033291697502136,5
KDSB,SimSiam,e200,5,5,0.6633304715156555,0.02278087901726201,0.6600813269615173,0,False,0.6692725419998169,5.0,0.6692725419998169,5
KDSB,SimSiam,e25,5,5,0.6607921957969666,0.04390372171503439,0.6432186961174011,0,False,0.6723604798316956,5.0,0.6723604798316956,5
KDSB,SimSiam,e50,5,5,0.5977056384086609,0.04368181129330372,0.5925876498222351,0,False,0.6419665217399597,5.0,0.6419665217399597,5
KDSB,SimSiam,frozen,1,5,0.5638464689254761,0.04651100427537601,0.5611001253128052,0,False,0.6014952659606934,5.0,0.6014952659606934,5
KDSB,SimSiam,frozen,5,5,0.634951376914978,0.028805758732556166,0.653123676776886,0,False,0.6566970944404602,5.0,0.6566970944404602,5
KDSB,SimSiam,frozen,10,5,0.622507107257843,0.011510902543496357,0.620180606842041,0,False,0.6313356757164001,5.0,0.6313356757164001,5
KDSB,SimSiam,nostopgrad,5,5,0.5348438024520874,0.12083207199360035,0.5840893387794495,0,False,0.611285388469696,5.0,0.611285388469696,5
KDSB,SimSiam,pred128,5,5,0.6443910837173462,0.02235588191252134,0.6534604430198669,0,False,0.6748210191726685,5.0,0.6748210191726685,5
KDSB,SimSiam,pred32,5,5,0.6207168221473693,0.034110170467086205,0.6295382380485535,0,False,0.624052882194519,5.0,0.624052882194519,5
KDSB,SimSiam,proj2048,5,5,0.6610777616500855,0.02435044156384281,0.6735742688179016,0,False,0.6870653033256531,5.0,0.6870653033256531,5
KDSB,SimSiam,proj256,5,5,0.6371978640556335,0.02106802661831461,0.6252977252006531,0,False,0.6563230752944946,5.0,0.6563230752944946,5
KDSB,SimSiam,proj512,5,5,0.6089229702949523,0.11906105075251162,0.6384223699569702,0,False,0.7149155139923096,5.0,0.7149155139923096,5
KDSB,SimSiam,sslbudget20,20,5,0.6188534617424011,0.06665884102896075,0.6376162171363831,0,False,0.6825758814811707,5.0,0.6825758814811707,5
KDSB,SimSiam,sslbudget5,5,5,0.524621969461441,0.04606721412477586,0.517153799533844,0,False,0.5800257921218872,5.0,0.5800257921218872,5
