Dataset,Model,Variant,Beta,Label Fraction (%),Fold,Kind,Keyname,FoldVal Accuracy,FoldVal Precision,FoldVal Recall,FoldVal MeanIoU,FoldVal Dice,FoldVal HD,FoldVal MyIoU,FoldVal MAE,Test Accuracy,Test Precision,Test Recall,Test MeanIoU,Test Dice,Test HD,Test MyIoU,Test MAE
ISIC2018,DBT-UNet,b1,1.0,1,0,fold,ISIC2018_DBT-UNet_1pct_b1_fold0,0.8537323,0.5507353,0.9959114,0.6857319,0.6614459,7.0579009649037925,0.016547619047619047,0.1462677,0.7859735,0.6020527,0.8157933,0.62394345,0.657525,8.162912842238498,0.062201361783094114,0.21402647
ISIC2018,DBT-UNet,b1,1.0,1,1,fold,ISIC2018_DBT-UNet_1pct_b1_fold1,0.89039004,0.7118667,0.8670852,0.75271386,0.564968,7.291909505315113,0.0910144927536232,0.109609984,0.6858164,0.48177123,0.8189781,0.5103776,0.5764557,8.956149294941811,0.03921904379345278,0.3141836
ISIC2018,DBT-UNet,b1,1.0,1,2,fold,ISIC2018_DBT-UNet_1pct_b1_fold2,0.8756744,0.6196082,0.9336096,0.7207837,0.57117826,8.04889393387052,0.07242424242424242,0.12432556,0.82555795,0.68865937,0.74897623,0.66770977,0.68609,7.672009959995996,0.06676707699704744,0.17444205
ISIC2018,DBT-UNet,b1,1.0,1,3,fold,ISIC2018_DBT-UNet_1pct_b1_fold3,0.76679385,0.56854635,0.88341004,0.6064799,0.63746566,8.764584009534484,0.146,0.23320618,0.7216365,0.51772046,0.86333597,0.55232686,0.601544,9.126154062510226,0.0686512223898019,0.2783636
ISIC2018,DBT-UNet,b1,1.0,1,4,fold,ISIC2018_DBT-UNet_1pct_b1_fold4,0.78782046,0.5204076,0.7507614,0.5941664,0.5604207,8.777510416085178,0.006183574879227052,0.21217957,0.7568291,0.56084114,0.8206683,0.58923477,0.63566154,8.460562796326597,0.058972323369204896,0.24317092
ISIC2018,DBT-UNet,b1,1.0,5,0,fold,ISIC2018_DBT-UNet_5pct_b1_fold0,0.8028969,0.5776769,0.761759,0.62314683,0.5989594,8.754478270836689,0.03308813570066249,0.19710305,0.8249506,0.7078674,0.6952311,0.6599262,0.66500574,8.131054063573512,0.06661976860661688,0.1750495
ISIC2018,DBT-UNet,b1,1.0,5,1,fold,ISIC2018_DBT-UNet_5pct_b1_fold1,0.84815216,0.7703492,0.83438975,0.72472644,0.7518263,7.10076820249038,0.15979350359785144,0.15184784,0.81487584,0.6488585,0.81568,0.66093946,0.6852323,7.879449296272665,0.12486448059307105,0.18512414
ISIC2018,DBT-UNet,b1,1.0,5,2,fold,ISIC2018_DBT-UNet_5pct_b1_fold2,0.77503324,0.38716775,0.95111793,0.5593678,0.5044168,8.306992601919733,0.08826923076923077,0.22496678,0.8192513,0.6635099,0.7893654,0.66394246,0.6833492,7.68573688017763,0.157121868480328,0.18074872
ISIC2018,DBT-UNet,b1,1.0,5,3,fold,ISIC2018_DBT-UNet_5pct_b1_fold3,0.83893996,0.59555334,0.8714436,0.6737106,0.6490892,7.350185067758487,0.0742047903077315,0.16106004,0.80559474,0.6315968,0.8228444,0.64951706,0.67382514,8.17401769867968,0.04915746303376902,0.19440527
ISIC2018,DBT-UNet,b1,1.0,5,4,fold,ISIC2018_DBT-UNet_5pct_b1_fold4,0.8384113,0.5531994,0.89207363,0.6614342,0.58024466,7.256124515790521,0.12813333333333335,0.16158874,0.8148869,0.66088164,0.7687833,0.65584564,0.6723864,7.7362746196537975,0.12933540745004912,0.18511309
ISIC2018,DBT-UNet,b1,1.0,10,0,fold,ISIC2018_DBT-UNet_10pct_b1_fold0,0.85720295,0.6591987,0.81470656,0.6982818,0.6554552,7.071872305328456,0.2485897435897435,0.14279702,0.85225594,0.7525028,0.7459511,0.70470494,0.7228097,7.063010419230438,0.26476856143856115,0.14774407
ISIC2018,DBT-UNet,b1,1.0,10,1,fold,ISIC2018_DBT-UNet_10pct_b1_fold1,0.7990397,0.49374336,0.8573409,0.6072686,0.56132543,8.224389654729817,0.05249966529571794,0.20096031,0.78542274,0.6043518,0.795475,0.621228,0.6370912,8.375909300016845,0.06225183672137702,0.21457729
ISIC2018,DBT-UNet,b1,1.0,10,2,fold,ISIC2018_DBT-UNet_10pct_b1_fold2,0.92876554,0.9231129,0.8517213,0.84840393,0.8573848,5.511487297261103,0.5152014652014653,0.07123448,0.8861825,0.8236749,0.78287554,0.76118994,0.80881155,5.939666075943182,0.491937540792541,0.113817476
ISIC2018,DBT-UNet,b1,1.0,10,3,fold,ISIC2018_DBT-UNet_10pct_b1_fold3,0.9475412,0.8771507,0.84226257,0.84545994,0.82986647,5.021000162202041,0.5499542124542124,0.052458838,0.8923317,0.83956593,0.7863307,0.7716508,0.8189047,6.008973194606508,0.4807942421467425,0.10766824
ISIC2018,DBT-UNet,b1,1.0,10,4,fold,ISIC2018_DBT-UNet_10pct_b1_fold4,0.8136166,0.55926925,0.87550026,0.6424918,0.64726824,7.645786837997552,0.15703413304587752,0.18638341,0.8035926,0.63737375,0.7797519,0.6424149,0.66565174,8.093834479089667,0.12626880871587523,0.19640741
ISIC2018,DBT-UNet,b1,1.0,20,0,fold,ISIC2018_DBT-UNet_20pct_b1_fold0,0.94953537,0.9148866,0.85025185,0.86290836,0.8349801,5.147606806376316,0.573878205128205,0.05046463,0.90217966,0.8814236,0.7734007,0.7868364,0.83004063,5.825634569067359,0.4973840512265509,0.09782033
ISIC2018,DBT-UNet,b1,1.0,20,1,fold,ISIC2018_DBT-UNet_20pct_b1_fold1,0.93440396,0.89843106,0.8228555,0.83542544,0.8422738,5.0672465861362745,0.5665224358974357,0.06559607,0.8971665,0.8391783,0.8070819,0.78194106,0.8221481,5.904866186746912,0.4772312842712845,0.10283354
ISIC2018,DBT-UNet,b1,1.0,20,2,fold,ISIC2018_DBT-UNet_20pct_b1_fold2,0.9366715,0.9203483,0.82539827,0.8449776,0.84953797,5.217783425159443,0.5478365384615385,0.06332852,0.9007499,0.8789639,0.77064407,0.78407407,0.83039963,5.87286961052986,0.5029685317460316,0.09925002
ISIC2018,DBT-UNet,b1,1.0,20,3,fold,ISIC2018_DBT-UNet_20pct_b1_fold3,0.94573843,0.92132014,0.8449034,0.860034,0.8742127,5.004960042262604,0.5953344120819848,0.054261588,0.9024833,0.8714972,0.786327,0.7887747,0.83408564,5.887936494901057,0.49736470418470374,0.09751675
ISIC2018,DBT-UNet,b1,1.0,20,4,fold,ISIC2018_DBT-UNet_20pct_b1_fold4,0.93428487,0.9404205,0.7617447,0.82352424,0.8502141,4.9813659391036715,0.5510436893203883,0.06571516,0.9029846,0.8849035,0.7725618,0.7881303,0.8359644,5.895150711597237,0.49764339993340007,0.09701541
ISIC2018,DBT-UNet,b1,1.0,50,0,fold,ISIC2018_DBT-UNet_50pct_b1_fold0,0.95170933,0.92702454,0.86934215,0.8762327,0.8834632,4.941774984706484,0.6134053724053729,0.048290662,0.9102818,0.87841076,0.80867964,0.8046689,0.8455584,5.647354476202068,0.530652965367965,0.08971817
ISIC2018,DBT-UNet,b1,1.0,50,1,fold,ISIC2018_DBT-UNet_50pct_b1_fold1,0.9486195,0.9348994,0.8388037,0.8642937,0.8705606,4.89323765606694,0.5861541236541248,0.05138051,0.9128019,0.88876706,0.8061547,0.80888236,0.8547539,5.571756737492779,0.5324913102431619,0.08719803
ISIC2018,DBT-UNet,b1,1.0,50,2,fold,ISIC2018_DBT-UNet_50pct_b1_fold2,0.9456803,0.9024523,0.8481809,0.85497653,0.84827024,4.872246478139904,0.5519983523554955,0.0543197,0.9114151,0.8730024,0.81983644,0.80776376,0.8494063,5.612248542560133,0.538397819900687,0.08858493
ISIC2018,DBT-UNet,b1,1.0,50,3,fold,ISIC2018_DBT-UNet_50pct_b1_fold3,0.93994385,0.9117448,0.8556094,0.85627973,0.8669985,5.283376529080881,0.552718924659919,0.06005618,0.9130235,0.85781795,0.8462793,0.8130745,0.8532773,5.793890735251503,0.4831926822682856,0.08697648
ISIC2018,DBT-UNet,b1,1.0,50,4,fold,ISIC2018_DBT-UNet_50pct_b1_fold4,0.94755286,0.9121015,0.8512061,0.86082596,0.86540467,4.938740073282903,0.5923791138076862,0.052447166,0.9110633,0.8629165,0.8314721,0.8082536,0.84938127,5.69674099438481,0.5389718586968588,0.08893674
